SMILES,pka_value
Brc1cc2cccnc2c2ncccc12,4.2
Brc1ccc2ccccc2n1,1.05
Brc1ccc2cccnc2c1,3.87
Brc1ccc2ncccc2c1,3.91
Brc1cccc2cccnc12,3.13
Brc1cccc2ncccc12,3.62
Brc1ccccn1,0.8049999999999999
Brc1cccnc1,2.8449999999999998
Brc1ccnc2c1ccc1cccnc12,4.01
Brc1ccncc1,3.75
Brc1cnc2c(ccc3cc(Br)cnc32)c1,3.88
Brc1cnc2ccccc2c1,2.7199999999999998
Brc1cncc(Br)c1,0.82
Brc1cncc2ccccc12,3.31
C#CC(C)(C)N(C)C,7.96
C#CC(C)(C)NC(C)(C)C=C,8.2
C#CCNN,5.46
C#CCNc1ccccc1,3.06
C(CN1CCOCC1)CN1CCOCC1,7.25
C/C(=N\NC(N)=O)C(=O)O,0.59
C/C=N/NC(N)=O,1.1
C1=C(C2CCCCC2)NCC1,7.91
C1=C(Cc2ccccc2)NCC1,7.06
C1=C(c2ccccc2)NCC1,
C1=NNC=NN1,2.25
C1CC2CCC1CNC2,10.57
C1CCC(C2CCCN2)CC1,10.76
C1CCC(CNCCNCC2CCCC2)C1,10.34
C1CCC(CNCCNCC2CCCCC2)CC1,10.27
C1CCC(NC2CCCC2)C1,10.93
C1CCC(NC2CCCCC2)CC1,11.25
C1CCC(NCCNC2CCCC2)C1,10.36
C1CCC(NCCNC2CCCCC2)CC1,10.3
C1CCCNCC1,11.07
C1CCNC1,11.2875
C1CCNCC1,11.137166666666666
C1CCSC1,-4.81
C1CN(CCN2CCOCC2)CCO1,6.65
C1CN1,7.983333333333333
C1CN2CCC1CC2,10.95
C1CN2CCN1CC2,8.81
C1CNC1,11.29
C1CNCCN1,9.7705
C1COCCN1,8.404000000000002
C1CSCCN1,9.0
C1N2CN3CN1CN(C2)C3,6.3
C=C(C)CC(=O)OC(C)N1CCCCC1,8.37
C=C1CCCN(C)C1,9.31
C=C1CCN(C)C(C)C1,9.25
C=C1CCN(C)CC1,9.03
C=C1CCN(C)CC1C,9.09
C=CC(C)(C)NC(C)(C)C=C,10.1
C=CC(C)(C)NC(C)(C)CC,10.8
C=CCN,9.49
C=CCN(CC=C)CC=C,8.31
C=CCN1CCCCC1,9.65
C=CCN1CCOCC1,7.02
C=CCNCC=C,9.29
C=CCNc1ccccc1,4.17
C=CCOc1nc(N)nc(N)n1,3.43
C=Cc1ccc(C)nc1,5.67
C=Cc1ccccn1,4.95
C=Cc1ccncc1,5.62
CC#CC(C)(C)N(C)C,8.91
CC#CCN(C)C,8.28
CC(=CC(C)=Nc1ccccc1)Nc1ccccc1,7.2
CC(=N)N,12.4
CC(=O)C(C)(C)C,-7.1
CC(=O)C(C)C,-7.1
CC(=O)C=C(C)C,0.25
CC(=O)CC(C)(C)O,0.52
CC(=O)N(C)c1ccccc1,-0.5
CC(=O)N1CCNC1=N,9.06
CC(=O)N1CCNCC1,7.94
CC(=O)N=C1NCCN1,7.48
CC(=O)NC(C1=NCCS1)C(C)C,3.64
CC(=O)NCCN,9.15
CC(=O)NCCc1c[nH]cn1,6.99
CC(=O)NCCc1nc(I)[nH]c1I,2.99
CC(=O)NCCc1nc[nH]c1I,4.73
CC(=O)NNc1ccccc1,1.3
CC(=O)Nc1ccccc1,0.5
CC(=O)OC(C)CN(C)C,8.32
CC(=O)OCCN,9.1
CC(=O)OCCN(C)C,8.35
CC(=O)OCCc1c[nH]cn1,6.97
CC(=O)OCc1c[nH]cn1,6.2
CC(=O)SCCN(C)C,8.27
CC(=O)c1ccc(-c2ccc(N)cc2)cc1,3.98
CC(=O)c1ccc(Cl)cc1,-6.52
CC(=O)c1ccc(F)cc1,-6.06
CC(=O)c1ccc(N)c(N)c1,3.56
CC(=O)c1ccc(N)c([N+](=O)[O-])c1,-2.85
CC(=O)c1ccc(N)cc1,2.3800000000000003
CC(=O)c1ccc(O)c2ncccc12,4.385
CC(=O)c1ccc(O)cc1,-4.73
CC(=O)c1ccc([N+](=O)[O-])cc1,-7.94
CC(=O)c1ccc2ccccc2c1,-5.71
CC(=O)c1cccc(Br)c1,-6.9
CC(=O)c1cccc(C)c1,-6.02
CC(=O)c1cccc(Cl)c1,-7.01
CC(=O)c1cccc(N)c1,3.5833333333333335
CC(=O)c1cccc(O)c1,-6.59
CC(=O)c1cccc([N+](=O)[O-])c1,-7.62
CC(=O)c1ccccc1,-6.275
CC(=O)c1ccccc1N,2.31
CC(=O)c1ccccn1,2.755
CC(=O)c1cccnc1,3.2466666666666666
CC(=O)c1ccncc1,3.51
CC(=O)n1ccnc1,3.6
CC(C)(C)CC(C)(C)N,10.73
CC(C)(C)CN,10.08
CC(C)(C)Cc1nccs1,3.37
CC(C)(C)N,10.682500000000001
CC(C)(C)N1CCCC1,11.13
CC(C)(C)NC1CCCCC1,11.23
CC(C)(C)NCc1ccccc1,10.19
CC(C)(C)Nc1ccc(Br)cc1,5.93
CC(C)(C)Nc1ccccc1,7.0
CC(C)(C)O,-3.8
CC(C)(C)c1c[nH]c2ccccc12,-3.84
CC(C)(C)c1cc(N)cc(C(C)(C)C)c1,4.97
CC(C)(C)c1cc(N)cc(C(C)(C)C)c1[N+](=O)[O-],2.93
CC(C)(C)c1ccc(N)cc1,4.95
CC(C)(C)c1ccc(S(=O)(=O)O)c(C(C)(C)C)n1,4.12
CC(C)(C)c1cccc(N)c1,4.66
CC(C)(C)c1ccccc1N,4.405
CC(C)(C)c1cscn1,3.048
CC(C)(C)c1nccs1,3.075
CC(C)(N)C(=O)O,2.357
CC(C)(N)C(C)(C)N,10.13
CC(C)(N)CN,9.746666666666668
CC(C)(N)CO,9.693333333333333
CC(C)(O)CN,9.25
CC(C)=C1CCCNC1,10.47
CC(C)=CN1CCCC1,8.77
CC(C)=CN1CCCCC1,8.35
CC(C)=CN1CCOCC1,5.44
CC(C)=NNC(N)=O,1.33
CC(C)=O,-7.2
CC(C)C(C(C)C)N(C)C,9.96
CC(C)C(C)(O)C(=N)N,11.6
CC(C)C(N)C(C)C,10.23
CC(C)C(O)C(=N)N,11.35
CC(C)C1=CCNCC1,10.36
CC(C)C1C=CCNC1,10.14
CC(C)C1CCCNC1,10.75
CC(C)C1CCNCC1,10.85
CC(C)CCCC(C)N,10.28
CC(C)CCN,10.6
CC(C)CCNCCC(C)C,10.92
CC(C)CN,10.543333333333335
CC(C)CN(C)c1ccccc1,5.2
CC(C)CN1CCCC1,10.38
CC(C)CN1CCCCC1,10.44
CC(C)CN1CCOCC1,7.82
CC(C)CNCC(=O)O,2.35
CC(C)CNc1ccccc1,4.43
CC(C)C[C@@H](N)C(=O)N[C@@H](Cc1ccc(O)cc1)C(=O)O,2.995
CC(C)C[C@H](N)C(=O)NCC(=O)NCC(=O)O,3.275
CC(C)C[C@H](N)C(=O)NCC(=O)O,3.185
CC(C)C[C@H](N)C(=O)O,6.0344999999999995
CC(C)C[C@H](N)C(N)=O,7.8
CC(C)C[C@H](NC(=O)CN)C(=O)O,3.18
CC(C)C[C@H](NC(=O)[C@@H](N)CO)C(=O)O,3.08
CC(C)Cc1nccs1,3.377
CC(C)N(CCCl)CCCl,6.98
CC(C)N(c1ccccc1)C(C)C,7.755000000000001
CC(C)NC(=N)Cc1cccc2ccccc12,11.7
CC(C)NC(=N)Cc1ccccc1,12.07
CC(C)NC(C)C,11.2
CC(C)NCC(=O)O,2.36
CC(C)NCC(=O)c1ccc2ccccc2c1,8.72
CC(C)NCCN,10.62
CC(C)NCCNC(C)C,10.4
CC(C)NCc1ccccc1,9.69
CC(C)Nc1cc(O)ccc1[N+](=O)[O-],-0.24
CC(C)Nc1ccc([N+](=O)[O-])cc1,1.32
CC(C)Nc1ccccc1,5.523333333333333
CC(C)Nc1ccccc1[N+](=O)[O-],0.09
CC(C)O,-3.2
CC(C)OP(=O)(OC(C)C)SCCN(C)C,7.7
CC(C)OP(=O)(OCCN(C)C)OC(C)C,8.06
CC(C)[C@H](N)C(=O)NCC(=O)O,3.23
CC(C)[C@H](N)C(=O)O,4.760666666666666
CC(C)[C@H](NC(=O)CN)C(=O)O,3.17
CC(C)c1ccc(C(C)N)cc1,9.42
CC(C)c1cccc(N)c1,4.67
CC(C)c1ccccc1N,7.345
CC(C)c1ccncc1,6.04
CC(C)c1nc2ccccc2[nH]1,6.21
CC(C)c1nccs1,3.283
CC(C)n1cnc2ccccc21,5.71
CC(C=C(c1ccccc1)c1ccccc1)N(C)C,9.21
CC(C=C(c1cccs1)c1cccs1)N(C)C,8.9
CC(CC(C#N)(c1ccccc1)c1ccccc1)N(C)C,8.26
CC(CC(c1ccccc1)c1ccccc1)N(C)C,9.43
CC(CN(C)C)C(C#N)(c1ccccc1)c1ccccc1,7.85
CC(CO)NCCc1ccc(O)c(O)c1,8.57
CC(C[C@H](N)C(=O)O)C(F)(F)F,2.045
CC(N)(CO)CO,8.78786
CC(N)=O,-0.13
CC(N)C(C)N,9.985
CC(N)CC(=O)O,3.55
CC(N)CCC(=O)O,3.97
CC(N)CCN,10.5
CC(N)CN,9.891
CC(N)CO,9.43
CC(N)c1ccc(Br)cc1,8.95
CC(N)c1ccc(Cl)cc1,9.1
CC(N)c1ccc(F)cc1,9.22
CC(N)c1ccc(N(C)C)cc1,9.15
CC(N)c1ccc([N+](=O)[O-])cc1,8.5
CC(N)c1cccc(Br)c1,8.87
CC(N)c1cccc(C(F)(F)F)c1,8.77
CC(N)c1cccc([N+](=O)[O-])c1,8.56
CC(N)c1ccccc1,9.215
CC(N)c1ccccc1Cl,8.8
CC(O)CN(CC(C)O)CC(C)O,7.86
CC(O)CN(Cc1ccccc1)CC(C)O,7.5
CC(O)CNCCN,9.86
CC(O)c1ccccn1,4.8
CC([C@H](N)C(=O)O)C(F)(F)F,1.54
CC1(C)CC(Nc2ccccc2)=CC(=Nc2ccccc2)C1,9.89
CC1(C)CCCC(C)(C)N1,11.07
CC1(C)CN1,8.64
CC1(C)SCNC1C(=O)O,1.58
CC1(C)S[C@@H]2[C@H](N)C(=O)N2[C@H]1C(=O)O,2.3
CC1(C)S[C@@H]2[C@H](NC(=O)[C@H](N)c3ccccc3)C(=O)N2[C@H]1C(=O)O,2.52
CC1(N)CCCCC1,10.36
CC1=C(C)C(C)(C)N(C)C1(C)C,10.8
CC1=C(C)C(C)(C)NC1(C)C,10.5
CC1=CC(C)=NCCN1,13.4
CC1=CC(C)CCN1C,11.03
CC1=CC(C)N(C)CC1,9.7
CC1=CCCCC1N,10.37
CC1=CCCCN1C,11.12
CC1=CCCN(C)C1,9.29
CC1=CCCN1C,11.9
CC1=CCCNC1,10.17
CC1=CCN(C)C(C)C1,9.75
CC1=CCN(C)CC1,9.45
CC1=CCNC(C)C1,10.23
CC1=CCNCC1,10.29
CC1=NCC(C)S1,5.256
CC1=NCC(O)CN1,11.4
CC1=NCCCS1,7.6
CC1=NCCS1,5.295
CC1C(C)C(C)(C)NC1(C)C,11.4
CC1CC=CCN1C,9.49
CC1CCC(O)C(N)C1,9.41
CC1CCCC(O)C1N,9.39
CC1CCCCC1CNCCN,10.3
CC1CCCCN1,11.015
CC1CCCN(C)C1,10.02
CC1CCN(C)CC1,10.05
CC1CCNCC1,10.78
CC1CN=C(C(C)(C)C)S1,5.027
CC1CN=C(C(C)C)S1,5.164
CCC#CC(C)(C)N(C)C,8.79
CCC#CCN(C)C,7.98
CCC(=O)C(CC(C)N(C)C)(c1ccccc1)c1ccccc1,8.94
CCC(=O)C(CCN(C)C)(c1ccccc1)c1ccccc1,9.18
CCC(=O)OC(C)CN(C)C,8.26
CCC(=O)OCCN(C)C,8.29
CCC(C)(C)N,10.2
CCC(C)(C)Nc1ccccc1,6.75
CCC(C)(N)CC,10.63
CCC(C)=O,-7.2
CCC(C)CNC(C)(C)CC,11.6
CCC(C)NC(C)CC,10.91
CCC(CNCCN)(CNCCN)CNCCN,10.39
CCC(N)(CC)CC,10.59
CCC(N)(CO)CO,8.8
CCC(N)C(=O)O,2.3686666666666665
CCC(N)C(=O)OC,7.64
CCC(N)CC,10.42
CCC(N)CCCCCCCCC(=O)O,4.648
CCC(N)CN,9.388
CCC(N)CO,9.535
CCC(N)c1ccc(Br)cc1,9.08
CCC(N)c1ccc(Cl)cc1,9.1
CCC(N)c1cccc(Br)c1,8.9
CCC12CCCN3CCC4(c5cccc(OC)c5NC4CC1)C32,8.465
CCC1=C(C)CNCC1,10.35
CCC1=CCC(C)NC1,10.2
CCC1=CCNCC1,9.51
CCC1=NC(CC)CS1,5.357
CCC1=NCC(C)S1,5.231
CCC1=NNC(CC)=NN1,4.23
CCC1CCCNC1O,9.09
CCC1CCNCC1,10.89
CCC1CN1,8.3
CCC1CSC(C(C)C)=N1,5.276
CCC1CSC(C)=N1,5.301
CCCC(=O)OC(C)CN(C)C,8.27
CCCC(=O)OCCN(C)C,8.31
CCCC(=O)SCCN(C)C,8.32
CCCC(N)c1ccc(C)cc1,9.62
CCCC(N)c1ccccc1,9.45
CCCCC(N)c1ccc(Cl)cc1,8.85
CCCCC(N)c1ccc(F)cc1,9.15
CCCCC(N)c1ccccc1,9.45
CCCCC1CCCN1C,10.2
CCCCCC(C)(C)N,10.56
CCCCCC(C)N,10.67
CCCCCC(C)NC,10.82
CCCCCC(N)c1ccccc1,8.87
CCCCCC(O)C(C)(C)N,9.85
CCCCCCC(C)N,10.49
CCCCCCCCCCCCCCCCCCCCCCN,10.6
CCCCCCCCCCCCCCCCCCN,10.6
CCCCCCCCCCCCCCCCCCNCCCCCCCCCCCCCCCCCC,11.0
CCCCCCCCCCCCCCCCCN,10.6
CCCCCCCCCCCCCCCCN,10.61
CCCCCCCCCCCCCCCN,10.61
CCCCCCCCCCCCCCCNCCCCCCCCCCCCCCC,11.0
CCCCCCCCCCCCCCN,10.62
CCCCCCCCCCCCCN,10.63
CCCCCCCCCCCCCNCCCCCCCCCCCCC,11.0
CCCCCCCCCCCCN,10.63
CCCCCCCCCCCCNCCCCCCCCCCCC,11.0
CCCCCCCCCCCN,10.63
CCCCCCCCCCN,10.64
CCCCCCCCCN,10.64
CCCCCCCCN,10.61
CCCCCCCCNCCCCCCCC,11.01
CCCCCCCN,10.66
CCCCCCN,10.600000000000001
CCCCCCNCCCCCC,11.01
CCCCCCc1ccccn1,5.95
CCCCCN,10.613333333333335
CCCCCc1ccccn1,6.0
CCCCN,10.641
CCCCN(CCCC)CCCC,9.93
CCCCN(CCCC)CCCOC(=O)c1ccc(N)cc1,8.96
CCCCN(CCCl)CCCl,6.61
CCCCN1CC1,7.86
CCCCNC,10.9
CCCCNC(N)CC,10.66
CCCCNCC(=O)O,2.3200000000000003
CCCCNCCCC,11.25
CCCCNCCN,10.3
CCCCNCCNCCCC,10.19
CCCCNc1ccc(C(=O)OCCN(C)C)cc1,8.2
CCCCNc1ccccc1,5.28
CCCCOC(=O)c1ccc(N)cc1,2.472
CCCCOc1cc(C(=O)NCCN(CC)CC)c2ccccc2n1,8.85
CCCCOc1ccc(C(C)N)cc1,9.45
CCCCOc1ccc(CCNC(C)(C)CO)cc1OC,9.3
CCCCOc1ccc(N)c([N+](=O)[O-])c1,0.76
CCCCS(=O)CCCC,-1.47
CCCC[C@H](N)C(=O)O,4.848
CCCC[C@H](N)C(=O)OC,7.682
CCCCc1ccccc1N,4.26
CCCN,10.719999999999999
CCCN(C(C)=O)c1ccccc1,-0.6
CCCN(CC)c1ccccc1,6.4
CCCN(CCC)CCC,10.46
CCCN(CCC)Cc1ccccn1,8.77
CCCN(CCC)Cc1cccnc1,8.58
CCCN(CCC)Cc1ccncc1,8.16
CCCN(CCCl)CCCl,6.68
CCCNC(=N)Cc1cccc2ccccc12,11.64
CCCNC(=N)Cc1ccccc1,11.97
CCCNCC(=O)O,2.315
CCCNCCC,10.940000000000001
CCCNCCCN,10.45
CCCNCCN,10.34
CCCNCCNCCC,10.27
CCCNCc1ccccc1,9.58
CCCN[C@@H](C)C(=O)O,2.21
CCCNc1ccccc1,4.79
CCCOC(=O)c1ccc(N)cc1,2.487
CCCOC(C)=O,-7.18
CCC[C@H](N)C(=O)O,4.829
CCC[C@H](N)C(=O)OC,7.662
CCCc1c(C)[nH]c2ccc(C)cc12,-1.03
CCCc1c(C)[nH]c2ccccc12,-1.4
CCCc1c[nH]c2ccccc12,-4.34
CCCc1ccc(C(C)N)cc1,9.45
CCCc1ccccc1N,4.36
CCCc1ccccn1,5.97
CCCc1ccnc2c1ccc1cccnc12,5.43
CCCc1ccncc1,6.05
CCCc1nccs1,3.353
CCCn1cnc2ccccc21,5.44
CCN,10.68
CCN(C#N)CC,-2.0
CCN(CC#N)CC#N,-0.6
CCN(CC)C(C)(C)C#N,9.13
CCN(CC)C(C)C=C(c1cccs1)c1cccs1,8.85
CCN(CC)CC,10.7636
CCN(CC)CC#N,4.55
CCN(CC)CC(=O)O,2.0166666666666666
CCN(CC)CC(O)CN(CC)CC,9.8
CCN(CC)CCC#N,7.65
CCN(CC)CCCC#N,9.29
CCN(CC)CCCC(C)N,10.1
CCN(CC)CCCCC#N,10.08
CCN(CC)CCCCCC#N,10.46
CCN(CC)CCCCN,10.3
CCN(CC)CCCN,10.44
CCN(CC)CCCN(CC)CC,9.965
CCN(CC)CCCNC(=O)c1cc(C)cc(C)c1,9.834
CCN(CC)CCCOC(=O)C=Cc1ccccc1,9.71
CCN(CC)CCCl,8.8
CCN(CC)CCN,9.975
CCN(CC)CCN(CC)CC,9.51
CCN(CC)CCNC,9.92
CCN(CC)CCNc1cc(C)nc(N)n1,9.55
CCN(CC)CCNc1nc(N)nc(C)c1C,9.7
CCN(CC)CCO,9.785
CCN(CC)Cc1ccccc1,9.44
CCN(CC)Cc1ccccn1,8.74
CCN(CC)Cc1cccnc1,8.55
CCN(CC)Cc1ccncc1,8.18
CCN(CC)c1ccc(Br)cc1,5.81
CCN(CC)c1ccc(C)cc1,7.03
CCN(CC)c1ccc([N+](=O)[O-])cc1,1.75
CCN(CC)c1cccc(C)c1,6.7
CCN(CC)c1ccccc1,6.545
CCN(CC)c1ccccc1C,7.2195
CCN(CC)c1nc(N)nc(N(CC)CC)n1,6.18
CCN(CC)c1nc(N)nc(N)n1,5.62
CCN(CCC#N)CCC#N,4.55
CCN(CCCl)CCCl,6.55
CCN(CCO)c1ccccc1,5.77
CCN(Cl)CC,1.02
CCN(N)c1ccccc1,5.16
CCN(c1ccccc1)C(C)(C)C,8.02
CCN1CCC(C)CC1,10.28
CCN1CCCC(C)C1,10.33
CCN1CCCC=C1C,11.53
CCN1CCCCC1C,10.66
CCN1CCOCC1,7.67
CCN=C1C=C(NCC)CC(C)(C)C1,12.13
CCN=CC=CC=CNCC,11.9
CCNCC,11.04
CCNCC(=O)O,2.32
CCNCCCNCC,10.63
CCNCCN,10.46
CCNCCNCC,10.31
CCNCCO,9.85
CCNC[Si](C)(C)C,11.12
CCNCc1ccccc1,9.64
CCN[C@@H](C)C(=O)O,2.22
CCNc1cc(O)ccc1[N+](=O)[O-],-0.61
CCNc1ccc(C)cc1,5.57
CCNc1ccc([N+](=O)[O-])cc1,0.94
CCNc1cccc(C)c1,5.25
CCNc1ccccc1,5.12
CCNc1ccccc1C,4.96
CCNc1ccccc1[N+](=O)[O-],-0.21
CCNc1nc(N)nc(N)n1,5.23
CCNc1nc(N)nc(NCC)n1,5.53
CCNc1nc(NCC)nc(NCC)n1,5.84
CCOC(=O)C(N)CC,
CCOC(=O)CCCCN,10.151
CCOC(=O)CCCN,9.71
CCOC(=O)CCN,9.06
CCOC(=O)CCN(C)C,8.54
CCOC(=O)CC[C@H](N)C(=O)OCC,7.035
CCOC(=O)CN,7.7
CCOC(=O)CN1CCOCC1,5.03
CCOC(=O)CNC(=O)CN,7.739999999999999
CCOC(=O)CNN,5.97
CCOC(=O)COc1ccc(N)cc1,5.09
CCOC(=O)C[C@H](N)C(=O)OCC,6.4
CCOC(=O)N(N)c1ccccc1,4.66
CCOC(=O)N1CCNCC1,8.25
CCOC(=O)[C@@H](N)C(C)C,7.75
CCOC(=O)[C@@H](N)CC(C)C,7.615
CCOC(=O)[C@@H](N)CS,9.06
CCOC(=O)[C@@H](N)Cc1ccc(O)cc1,7.33
CCOC(=O)c1c(C)nc(C)c(C(=O)OCC)c1C,3.08
CCOC(=O)c1ccc(N(C)N)cc1,4.15
CCOC(=O)c1ccc(N)cc1,2.6093333333333333
CCOC(=O)c1cccc(N(C)N)c1,4.45
CCOC(=O)c1ccccc1N,2.285
CCOC(=O)c1ccccc1N(C)C,5.48
CCOC(=O)c1ccccc1N(C)N,4.91
CCOC(=O)c1cnc(C)nc1N,4.53
CCOC(=O)c1cnc(C)nc1N(C)C,5.54
CCOC(=O)c1cnc(C)nc1NC(C)=O,1.43
CCOC(=O)c1cnc(C)nc1OCC,2.7
CCOC(=O)c1ocnc1C,0.83
CCOC(=O)c1scnc1C,1.69
CCOC(C)=O,-6.93
CCON(N)c1ccccc1,5.36
CCOP(=O)(CCCN(CC)CC)OCC,9.35
CCOP(=O)(CCN(CC)CC)OCC,8.2
CCOP(=O)(OCC)OCCCN(CC)CC,9.4
CCOP(=O)(OCC)OCCN(C)C,8.015
CCOP(=O)(OCC)OCCN(CC)CC,8.4
CCOP(=O)(OCC)SCCN(C)C,7.73
CCOP(=S)(OCC)OCCN(C)C,8.12
CCOc1cc(O)cc(OCC)c1,-6.64
CCOc1ccc(C(C)=O)cc1,-4.9
CCOc1ccc(N)c(N)c1,4.82
CCOc1ccc(N)cc1,5.24
CCOc1ccc(N=C(C)Nc2ccc(OCC)cc2)cc1,9.27
CCOc1ccc(OCC)c(OCC)c1,-6.66
CCOc1ccc2nc(C)c(C)nc2c1,2.48
CCOc1ccc2nccc(Cl)c2c1,3.82
CCOc1cccc(C(C)=O)c1,-6.7
CCOc1cccc(N)c1,4.18
CC[C@@H]1C(=O)OC[C@@H]1Cc1cncn1C,7.0
CC[C@@]12CCCN3CC[C@]4(c5cccc(OC)c5N(C(C)=O)[C@@H]4CC1)[C@H]32,7.57
CC[C@H](C)[C@H](N)C(=O)O,4.801
CC[C@H](C)[C@H](N)C(=O)OC,7.542
CC[C@H](C)[C@H](NC(=O)CN)C(=O)O,8.0
CC[N+](C)(C)Cc1ccccn1.[Br-],3.05
CC[N+](C)(CC)Cc1ccccn1.[Br-],3.06
CCc1c[nH]c2ccccc12,-4.25
CCc1cc2ccccc2[nH]1,-0.41
CCc1ccc(C(C)=O)cc1,-5.61
CCc1ccc(N)cc1,5.0
CCc1cccc(N)c1,4.7
CCc1ccccc1N,4.335
CCc1ccccn1,5.89
CCc1cccnc1,5.56
CCc1cccnc1O,5.0
CCc1ccnc2c1ccc1c(CC)ccnc12,5.58
CCc1ccnc2c1ccc1cccnc12,5.42
CCc1ccncc1,5.95
CCc1cn(CC)c2ccccc12,-2.2
CCc1cnc2c(ccc3cccnc32)c1,4.96
CCc1cscn1,3.204
CCc1n[nH]c(CC)n1,3.75
CCc1nc2ccccc2[nH]1,6.225
CCc1ncc[nH]1,8.0
CCc1nccs1,3.372
CCn1c(N)nc(N)nc1=N,10.54
CCn1ccc2ccccc21,-2.3
CCn1ccnc1,7.3
CN,10.6414
CN(C)C,9.832
CN(C)C(=N)N,13.4
CN(C)C(=N)N(C)C,13.6
CN(C)C(=O)c1ccccc1,-1.62
CN(C)C1CCCCC1,10.72
CN(C)C1CCCCC1O,10.32
CN(C)CC#CC#Cc1ccc(Cl)cc1,6.61
CN(C)CC#CC#Cc1ccccc1,6.77
CN(C)CC(=O)NCC(=O)O,3.11
CN(C)CC(=O)O,2.04
CN(C)CC(C)(C)C,9.75
CN(C)CCC(=O)O,9.85
CN(C)CCC(C#N)(c1ccccc1)c1ccccc1,8.26
CN(C)CCC(c1ccc(Cl)cc1)c1ccccn1,9.145
CN(C)CCC(c1ccccc1)c1ccccc1,9.35
CN(C)CCC(c1ccccc1)c1ccccn1,9.059999999999999
CN(C)CCCN,10.23
CN(C)CCCN(C)C,9.74
CN(C)CCN,9.53
CN(C)CCN(C)C,9.145
CN(C)CCN(Cc1ccccc1)c1ccccn1,8.555
CN(C)CCN(c1ccccn1)c1ccc(Cl)s1,8.42
CN(C)CCN(c1ccccn1)c1cccs1,8.91
CN(C)CCN(c1ccsc1)c1ccccn1,8.93
CN(C)CCO,9.245000000000001
CN(C)CCOC(c1ccccc1)c1ccc(Br)cc1,8.64
CN(C)CCc1ccccn1,8.75
CN(C)CCc1cccnc1,8.86
CN(C)CCc1ccncc1,8.7
CN(C)Cc1ccc([N+](=O)[O-])cc1,8.14
CN(C)Cc1cccc([N+](=O)[O-])c1,8.2
CN(C)Cc1ccccc1,8.969999999999999
CN(C)Cc1ccccn1,8.12
CN(C)Cc1cccnc1,8.0
CN(C)Cc1ccncc1,7.66
CN(C)Cl,0.46
CN(C)O,5.2
CN(C)c1c([N+](=O)[O-])cc([N+](=O)[O-])cc1[N+](=O)[O-],-4.915
CN(C)c1c2ccccc2nc2ccccc12,9.015
CN(C)c1ccc(/N=N/c2ccccc2)cc1,3.093
CN(C)c1ccc(/N=N/c2ccccc2C(=O)O)cc1,2.3499999999999996
CN(C)c1ccc(Br)cc1,4.232
CN(C)c1ccc(C#N)cc1,1.777
CN(C)c1ccc(C(F)(F)F)cc1,2.67
CN(C)c1ccc(C2CN3CCC2CC3)cc1,10.29
CN(C)c1ccc(N)cc1,6.59
CN(C)c1ccc(N=O)cc1,4.544
CN(C)c1ccc([N+](=O)[O-])cc1,0.7256666666666667
CN(C)c1ccc([N+](=O)[O-])cc1[N+](=O)[O-],-1.0
CN(C)c1ccc2ccccc2c1,4.566
CN(C)c1cccc(C#N)c1,2.969
CN(C)c1cccc(C(F)(F)F)c1,3.27
CN(C)c1cccc([N+](=O)[O-])c1,2.548
CN(C)c1ccccc1,5.1116
CN(C)c1ccccc1Br,4.31
CN(C)c1ccccn1,6.985
CN(C)c1cccnc1,6.455
CN(C)c1ccnc2ccccc12,8.375
CN(C)c1ccncc1,9.605
CN(C)c1ccncn1,6.37
CN(C)c1cnc2ccccc2n1,3.69
CN(C)c1cnccn1,3.24
CN(C)c1cncnc1,2.96
CN(C)c1ncccn1,3.87
CN(CC(=O)O)C(=N)N,2.643333333333333
CN(CC(=O)O)C(=O)CN,2.76
CN(CC(=O)O)C(=O)CNC(=O)CN,3.3
CN(CC(=O)O)C1CCCCC1,1.96
CN(N)c1ccc(Br)cc1,4.62
CN(N)c1ccc(C(=O)O)cc1,3.41
CN(N)c1ccc(Cl)cc1,4.64
CN(N)c1cccc(Br)c1,4.3
CN(N)c1cccc(C(=O)O)c1,2.9
CN(N)c1cccc(Cl)c1,4.43
CN(N)c1ccccc1,4.98
CN(N)c1ccccc1Br,4.68
CN(N)c1ccccc1C(=O)O,2.63
CN(N)c1ccccc1Cl,4.78
CN(c1ccccc1)C(C)(C)C,7.39
CN(c1ccccc1)C1CCCC1,6.71
CN(c1ccccc1)C1CCCCC1,6.35
CN1CC(=O)NC1=N,4.78675
CN1CC1,7.86
CN1CC=CC1,9.88
CN1CC=CCC1,9.28
CN1CCC1,10.4
CN1CCC=C(C(=O)O)C1,9.07
CN1CCCC1,10.39
CN1CCCCC1,10.216666666666667
CN1CCC[C@H]1c1cccnc1,7.9675
CN1CCN(C(c2ccccc2)c2ccc(Cl)cc2)CC1,8.15
CN1CCOCC1,7.38
CN1CC[C@]23c4c5ccc(O)c4O[C@H]2[C@@H](O)CC[C@H]3[C@H]1C5,9.35
CN1[C@H]2CC[C@@H]1C[C@@H](O)C2,10.059999999999999
CN1[C@H]2CC[C@@H]1C[C@H](O)C2,10.675
CN=C(N(C)C)N(C)C(C)=O,9.1
CN=C(NC)N(C)C,13.9
CN=C(NC)NC,13.95
CN=C(NC)NC(C)=O,7.5
CN=C1NCC(=O)N1C,7.96
CNC,10.771
CNC(=O)c1ccccc1,-2.13
CNC(N)=O,0.9
CNC1=NCCC(=O)N1C,9.48
CNC1CCCC1,10.85
CNC1CCCC1O,10.06
CNC1CCCCC1,11.04
CNC1CCCCC1Cl,9.85
CNCC(=O)N(C)C,8.82
CNCC(=O)O,2.266666666666667
CNCC(N)=O,8.31
CNCCN,10.27
CNCCNC,10.09
CNCCO,9.825
CNCCOC(c1ccccc1)c1ccccc1,9.059999999999999
CNCc1ccc([N+](=O)[O-])cc1,8.585
CNCc1cccc([N+](=O)[O-])c1,8.77
CNCc1ccccc1,9.563333333333333
CNO,5.96
CNOC,4.75
CN[C@@H](C)C(=O)O,2.22
CN[C@@H](C)[C@H](O)c1ccccc1,9.551
CNc1c(C)cccc1C,6.12
CNc1cc(O)ccc1[N+](=O)[O-],-0.94
CNc1ccc(C(=O)OC)cc1,2.32
CNc1ccc(C)cc1,5.25
CNc1ccc(O)cc1,5.9
CNc1ccc([N+](=O)[O-])cc1,0.55
CNc1cccc(C)c1,4.85
CNc1ccccc1,4.807
CNc1ccccc1C,4.6
CNc1ccccc1C(=O)OC,3.53
CNc1ccccc1[N+](=O)[O-],-0.62
CNc1cnc2ccccc2n1,4.07
CNc1cnccn1,3.39
COC(=O)C(N)CCN,8.74
COC(=O)C(N)CN,8.33
COC(=O)C(N)Cc1ccccc1,7.0
COC(=O)C12CCC(CC(O)C1)N2C,8.15
COC(=O)C1=CCCN(C)C1,7.64
COC(=O)C1CN2CCC1CC2,9.4
COC(=O)C1CSCN1,3.84
COC(=O)CCCN,9.839
COC(=O)CCN,9.17
COC(=O)CC[C@H](N)C(=O)OC,7.03
COC(=O)CN,7.625
COC(=O)[C@@H](N)C(C)C,7.49
COC(=O)[C@@H](N)CC(C)C,7.625
COC(=O)[C@@H](N)CCSC,7.09
COC(=O)[C@@H](N)CS,6.605
COC(=O)[C@@H](N)CSC,6.7
COC(=O)[C@@H](N)Cc1c[nH]c2ccccc12,7.29
COC(=O)[C@@H](N)Cc1ccc(O)cc1,7.09
COC(=O)[C@H](C)N,7.801500000000001
COC(=O)c1cc(C(=O)OC)c(C(=O)OC)nc1C(=O)OC,1.99
COC(=O)c1cc(N)c2ccccc2c1,3.12
COC(=O)c1cc(N)cc2ccccc12,3.38
COC(=O)c1ccc(N(C)C)cc1,2.52
COC(=O)c1ccc(N)c([N+](=O)[O-])c1,-2.59
COC(=O)c1ccc(N)cc1,2.4618
COC(=O)c1ccc(N)cc1C,2.73
COC(=O)c1ccc2ccccc2n1,1.7545
COC(=O)c1ccc2ncccc2c1,3.8
COC(=O)c1cccc(N(C)C)c1,3.86
COC(=O)c1cccc(N)c1,3.55
COC(=O)c1ccccc1N,2.275
COC(=O)c1ccccc1N(C)C,3.78
COC(=O)c1cccnc1,3.09
COC(=O)c1ccncc1,3.49
COC(C)=O,-7.25
COCCCN(C)C,9.36
COCCN,9.4
COCCN(C)C,8.96
COCCN(CCCl)CCCl,5.45
COCNc1nc(NCOC)nc(NCOC)n1,3.6
COc1c(O)cccc1CN,8.89
COc1c(OC)c2cccnc2c2ncccc12,4.4
COc1cc(C(N)=O)cc(OC)c1OC,-1.82
COc1cc(CN)ccc1O,8.94
COc1cc(N)c2ccccc2c1,3.26
COc1cc(N)cc(Cl)c1,3.1
COc1cc(N)cc(OC)c1,3.84
COc1cc(N)cc([N+](=O)[O-])c1,2.11
COc1cc(N)cc2ccccc12,4.05
COc1cc(OC)cc(OC)c1,-7.27
COc1cc2c(cc1OC)[C@@]13CCN4CC5=CCO[C@H]6CC(=O)N2[C@H]1[C@H]6[C@H]5C[C@H]43,8.28
COc1ccc(-c2ccc(N)cc2)cc1,4.25
COc1ccc(C#CC#CCN(C)C)cc1,7.07
COc1ccc(C(=O)NO)cc1,-1.635
COc1ccc(C(=O)O)c(N)c1,2.06
COc1ccc(C(C)=O)cc1,-4.81
COc1ccc(C(C)N)cc1,9.47
COc1ccc(C(N)=O)cc1,-1.62
COc1ccc(C=O)cc1,-5.54
COc1ccc(CN(CCN(C)C)c2ccccn2)cc1,8.92
COc1ccc(CN(CCN(C)C)c2ncccn2)cc1,8.89
COc1ccc(CN)cc1,9.51
COc1ccc(CN)cc1OC,9.39
COc1ccc(CNc2ccc([N+](=O)[O-])cc2[N+](=O)[O-])cc1,-4.51
COc1ccc(C[C@H](N)C(=O)O)cc1,2.21
COc1ccc(Cl)cc1N,3.56
COc1ccc(N(C)C)cc1,5.854
COc1ccc(N(C)N)cc1,5.6
COc1ccc(N)c(C(=O)O)c1,2.37
COc1ccc(N)c(N)c1,4.83
COc1ccc(N)c([N+](=O)[O-])c1,0.75
COc1ccc(N)cc1,5.343857142857142
COc1ccc(N)cc1[N+](=O)[O-],3.36
COc1ccc([N+](=O)[O-])c(N)c1,-0.72
COc1ccc([N+](=O)[O-])cc1,-10.01
COc1ccc([N+](=O)[O-])cc1N,2.49
COc1ccc2c(Cl)ccnc2c1,4.32
COc1ccc2c(N)cccc2c1,3.9
COc1ccc2c(c1)NCCN2,5.26
COc1ccc2c3c1O[C@H]1[C@@H](O)C=C[C@H]4[C@@H](C2)N(C)CC[C@]314,8.21
COc1ccc2c3c1O[C@H]1[C@@H](O)CC[C@H]4[C@@H](C2)N(C)CC[C@]314,8.75
COc1ccc2cc(N)ccc2c1,4.64
COc1ccc2ccc(N)cc2c1,4.19
COc1ccc2cccc(N)c2c1,4.07
COc1ccc2nc(C)c(C)nc2c1,2.45
COc1ccc2nccc(Cl)c2c1,3.93
COc1cccc(C(C)=O)c1,-6.7
COc1cccc(C(N)=O)c1,-2.35
COc1cccc(CCN)c1,9.89
COc1cccc(CN)c1,9.219999999999999
COc1cccc(CN)c1O,8.7
COc1cccc(CN)c1OC,9.41
COc1cccc(CNc2ccc([N+](=O)[O-])cc2[N+](=O)[O-])c1,-5.07
COc1cccc(N(C)N)c1,4.9
COc1cccc(N)c1,4.2188
COc1cccc2c1NC1CCCCC21,5.43
COc1ccccc1CCN,10.2
COc1ccccc1CN,9.7
COc1ccccc1N,4.5145
COc1ccccc1N(C)N,5.42
COc1ccccn1,3.06
COc1cccnc1,4.845000000000001
COc1ccnc(C)n1,3.98
COc1ccnc2c1ccc1c(OC)ccnc12,6.43
COc1ccncc1,6.525
COc1cnc(C)nc1OC,4.11
COc1cncc(Br)c1,2.6
CS(=O)(=O)c1c(N)ccc2ccccc12,-0.55
CS(=O)(=O)c1cc(N)c2ccccc2c1,2.04
CS(=O)(=O)c1cc(N)cc2ccccc12,2.61
CS(=O)(=O)c1ccc(N)c2ccccc12,0.8
CS(=O)(=O)c1ccc(N)cc1,1.3570000000000002
CS(=O)(=O)c1ccc2c(N)cccc2c1,2.97
CS(=O)(=O)c1ccc2cc(N)ccc2c1,2.77
CS(=O)(=O)c1ccc2ccc(N)cc2c1,3.12
CS(=O)(=O)c1ccc2cccc(N)c2c1,2.71
CS(=O)(=O)c1cccc(N)c1,2.5705
CS(=O)(=O)c1cccc2c(N)cccc12,2.77
CS(=O)(=O)c1cccc2cc(N)ccc12,3.07
CS(=O)(=O)c1cccc2ccc(N)cc12,2.7
CS(=O)(=O)c1cccc2cccc(N)c12,2.06
CSCC[C@H](N)C(=O)O,2.1566666666666667
CSC[C@H](N)C(=O)O,8.816666666666668
CSC[C@H](NC(=O)CC[C@H](N)C(=O)O)C(=O)NCC(=O)O,9.2
CSCc1ccccn1,4.640000000000001
CSc1c(C)ccc2cccnc12,5.57
CSc1cc(C)cc2c(C)ccnc12,4.54
CSc1cc(C)cc2cccnc12,3.86
CSc1ccc(N)cc1,4.35
CSc1cccc(N)c1,4.0
CSc1cccc2c(C)cc(C)nc12,4.88
CSc1cccc2c(C)ccnc12,4.27
CSc1cccc2ccc(-c3ccccc3)nc12,2.11
CSc1cccc2ccc(C)nc12,4.08
CSc1cccc2cccnc12,3.5
CSc1nc(C)c(C)s1,3.1
CSc1nc(C)cs1,2.5
CSc1ncc(C)s1,2.55
CSc1nccs1,1.92
C[As](C)(=O)O,1.57
C[C@@H](N)C(=O)N1CCC[C@H]1C(=O)O,3.04
C[C@@H](O)[C@H](N)C(=O)O,2.1193333333333335
C[C@@H]1C=CCCN1C,9.43
C[C@@H]1CCCCN1C,10.22
C[C@H](N)C(=O)NCC(=O)O,3.1566666666666667
C[C@H](N)C(=O)N[C@@H](C)C(=O)N[C@@H](C)C(=O)N[C@@H](C)C(=O)O,3.42
C[C@H](N)C(=O)N[C@@H](C)C(=O)N[C@@H](C)C(=O)O,3.39
C[C@H](N)C(=O)N[C@@H](C)C(=O)O,3.2399999999999998
C[C@H](N)C(=O)N[C@@H](CCCCN)C(=O)N[C@@H](C)C(=O)N[C@@H](C)C(=O)N[C@@H](C)C(=O)O,3.53
C[C@H](N)C(=O)N[C@@H](CCCCN)C(=O)N[C@@H](C)C(=O)N[C@@H](C)C(=O)O,3.58
C[C@H](N)C(=O)N[C@@H](CCCCN)C(=O)N[C@@H](C)C(=O)O,3.15
C[C@H](N)C(=O)O,2.349
C[C@H](NC(=O)CN)C(=O)O,3.2433
C[C@H](NC(=O)[C@@H](N)CCCCN)C(=O)O,3.22
C[C@H](NC(=O)[C@H](C)NC(=O)CN)C(=O)O,3.38
C[C@H](NCc1ccccc1)C(=O)NCC(=O)O,3.28
C[C@H](O)[C@H](N)C(=O)O,2.109
C[C@H]1CCCNC1,11.07
C[C@](N)(Cc1ccc(O)c(O)c1)C(=O)O,2.218
C[N+](C)(C)CC(=O)[O-],1.833
C[N+](C)(C)CCc1ccccn1.[Br-],3.48
C[N+](C)(C)CCc1cccnc1.[Br-],4.29
C[N+](C)(C)Cc1ccccn1.[Br-],2.63
C[N+](C)(C)Cc1cccnc1.[Br-],3.04
C[N+](C)(C)Cc1ccncc1.[Br-],3.18
C[N+](C)(C)c1ccc(C(=O)[O-])cc1,3.245
C[N+](C)(C)c1cccc(C(=O)O)c1,3.217
C[N+]1(Cc2cccnc2)CCCC1.[Br-],3.07
C[N+]1(Cc2cccnc2)CCCCC1.[Br-],3.07
C[SH]=C(N)N,9.81
C[Si](C)(C)CCCN,10.73
C[Si](C)(C)CCN,10.97
C[Si](C)(C)c1ccc(N)cc1,4.36
C[Si](C)(C)c1cccc(N)c1,4.64
C[n+]1c2ccccc2c(N)c2ccccc21.[Br-],11.01
C[n+]1c2ccccc2cc2ccc(N)cc21.[Br-],11.85
C[n+]1c2ccccc2cc2ccccc21.[Br-],9.75
C[n+]1cc2ccccc2c2ccccc21.[Cl-],10.4
Cc1[nH]c2ccccc2c1C,-1.3433333333333335
Cc1c(Br)c(=O)n(-c2ccccc2)n1C,-0.42
Cc1c(C(C)C)c(=O)n(-c2ccccc2)n1C,1.17
Cc1c(C)c([N+](=O)[O-])c(C)c(C)c1N,2.36
Cc1c(C)n(C)c2ccccc12,-0.66
Cc1c(C)n(C)n(-c2ccccc2)c1=O,1.24
Cc1c(I)c(=O)n(-c2ccccc2)n1C,-0.34
Cc1c(N(C)C)c(=O)n(-c2ccccc2)n1C,4.907
Cc1c(N)c(=O)n(-c2ccccc2)n1C,4.197
Cc1c(N)ccc([N+](=O)[O-])c1C,1.96
Cc1c(N)ccc2c1-c1ccccc1C2,4.83
Cc1c([N+](=O)[O-])cc(C(N)=O)cc1[N+](=O)[O-],-2.716666666666667
Cc1c([N+](=O)[O-])cc([N+](=O)[O-])c(N)c1[N+](=O)[O-],-8.08
Cc1c2ccccc2c2ccccc2[n+]1C.[Cl-],10.1
Cc1c[nH]c2ccccc12,-3.95
Cc1cc(-c2ccc(N)c(C)c2)ccc1N,4.5
Cc1cc(=O)cc(-c2ccccc2)o1,0.26
Cc1cc(=O)cc(C)o1,0.46499999999999997
Cc1cc(=O)n(-c2ccccc2)n1C,1.43
Cc1cc(Br)cc(C)c1N,3.54
Cc1cc(Br)ccc1N,3.645
Cc1cc(C)[nH]n1,4.38
Cc1cc(C)c(C)c(N)c1C,4.3
Cc1cc(C)c(N)c(C)c1,4.375
Cc1cc(C)c2ccc3c(C)cc(C)nc3c2n1,6.48
Cc1cc(C)c2ccc3cccnc3c2n1,5.94
Cc1cc(C)c2cccc(C)c2n1,4.48
Cc1cc(C)c2cccc(S)c2n1,2.24
Cc1cc(C)c2cccc-2c(C)c1,0.63
Cc1cc(C)c2ccccc2n1,5.12
Cc1cc(C)cc(N)c1,4.8375
Cc1cc(C)nc(C)c1,7.423333333333333
Cc1cc(C)nc(N)n1,4.975
Cc1cc(C)on1,-2.0
Cc1cc(C2(c3ccc(O)c(C)c3)OS(=O)(=O)c3ccccc32)ccc1O,1.26
Cc1cc(Cl)ccc1N,3.848
Cc1cc(N)c2ccccc2c1,3.96
Cc1cc(N)cc(C)c1[N+](=O)[O-],2.59
Cc1cc(N)cc2ccccc12,4.31
Cc1cc(N)ccc1Br,4.05
Cc1cc(N)ccc1[N+](=O)[O-],1.5
Cc1cc(N)nc(N)n1,7.65
Cc1cc(N)nc(Nc2ccc(Cl)cc2)n1,6.6
Cc1cc(O)c(C(C)C)cc1C1(c2cc(C(C)C)c(O)cc2C)OS(=O)(=O)c2ccccc21,1.565
Cc1cc(O)ccc1C1(c2ccc(O)cc2C)OS(=O)(=O)c2ccccc21,1.59
Cc1cc(S(=O)(=O)O)cc(C)n1,5.09
Cc1cc(S(=O)(=O)O)ccc1N,3.1264
Cc1cc(S)c2nccc(C)c2c1,2.3
Cc1cc(S)c2ncccc2c1,2.11
Cc1cc([N+](=O)[O-])c(N)c([N+](=O)[O-])c1,-4.265000000000001
Cc1cc([N+](=O)[O-])ccc1N,0.9299999999999999
Cc1cc2cc([N+](=O)[O-])ccc2[nH]1,-3.64
Cc1cc2cc([N+](=O)[O-])ccc2n1C,-2.94
Cc1cc2cccc(C)c2nc1C,4.42
Cc1cc2ccccc2[nH]1,-0.19
Cc1cc2ccccc2cn1,5.64
Cc1cc2ccccc2n1C,0.32
Cc1cc2ccccc2nc1C,4.94
Cc1cc2cccnc2c2ncccc12,5.27
Cc1ccc(C#CC#CCN(C)C)cc1,7.04
Cc1ccc(C(=O)NO)cc1,-1.895
Cc1ccc(C(C)N)cc1,9.45
Cc1ccc(C(N)=NO)cc1,5.1
Cc1ccc(C(N)=O)cc1,-2.01
Cc1ccc(C)c(N)c1,4.543333333333334
Cc1ccc(C)nc1,6.4
Cc1ccc(C2=CCCN2)cc1,7.55
Cc1ccc(C2CCCN2)cc1,9.95
Cc1ccc(C=O)cc1,-6.32
Cc1ccc(CN)cc1,9.45
Cc1ccc(CNc2ccc([N+](=O)[O-])cc2[N+](=O)[O-])cc1,-4.7
Cc1ccc(N(C)C)cc1,5.627
Cc1ccc(N(C)N)cc1,5.3
Cc1ccc(N)c(C(=O)O)c1,2.48
Cc1ccc(N)c(C)c1,4.8675
Cc1ccc(N)c(N)c1,4.68
Cc1ccc(N)c([N+](=O)[O-])c1,0.41825
Cc1ccc(N)c2ccccc12,4.37
Cc1ccc(N)cc1,5.084153846153845
Cc1ccc(N)cc1-c1cc(N)ccc1C,5.0
Cc1ccc(N)cc1C,5.17
Cc1ccc(N)cc1Cl,4.05
Cc1ccc(N)cc1[N+](=O)[O-],2.9354999999999998
Cc1ccc(NC2CCc3ccccc32)cc1,1.8
Cc1ccc(S(=O)(=O)O)c(C)n1,4.89
Cc1ccc([N+](=O)[O-])c(N)c1,-0.09
Cc1ccc([N+](=O)[O-])cc1N,2.3216666666666668
Cc1ccc2[nH]c(C)cc2c1,0.26
Cc1ccc2[nH]ccc2c1,-3.3
Cc1ccc2c(Cl)ccnc2c1,4.0
Cc1ccc2c(N=O)ccc(O)c2n1,3.14
Cc1ccc2c(S(=O)(=O)O)cc(Br)c(O)c2n1,3.32
Cc1ccc2c(S(=O)(=O)O)ccc(O)c2n1,4.73
Cc1ccc2c(c1)NCCN2,4.97
Cc1ccc2ccc(C)nc2c1,5.02
Cc1ccc2ccc3ccc(C)nc3c2n1,6.05
Cc1ccc2ccc3cccnc3c2n1,5.419999999999999
Cc1ccc2cccc(C)c2n1,4.11
Cc1ccc2cccc(O)c2n1,5.608
Cc1ccc2cccc(S)c2n1,2.28
Cc1ccc2ccccc2n1,5.586666666666667
Cc1ccc2cccccc1-2,-1.1
Cc1ccc2cccnc2c1,5.1850000000000005
Cc1ccc2cccnc2c1S,2.25
Cc1ccc2nc(C)c(C)nc2c1,2.41
Cc1ccc2nc(C)ccc2c1,5.779999999999999
Cc1ccc2nccc(Cl)c2c1,3.96
Cc1ccc2ncccc2c1,5.035
Cc1cccc(C(C)N)c1,9.41
Cc1cccc(C(C)O)n1,5.2
Cc1cccc(C(N)=O)c1,-2.15
Cc1cccc(C)[n+]1[O-],1.02
Cc1cccc(C)c1N,3.935
Cc1cccc(C)c1N(C)C,5.5600000000000005
Cc1cccc(C)n1,6.6499999999999995
Cc1cccc(C=O)c1,-7.06
Cc1cccc(CCO)n1,6.1
Cc1cccc(CN)c1,9.39
Cc1cccc(CNc2ccc([N+](=O)[O-])cc2[N+](=O)[O-])c1,-4.68
Cc1cccc(CO)n1,5.43
Cc1cccc(N(C)C)c1,5.268
Cc1cccc(N(C)N)c1,5.09
Cc1cccc(N)c1,4.704666666666666
Cc1cccc(N)c1-c1c(C)cccc1N,3.7
Cc1cccc(N)c1C,4.706666666666667
Cc1cccc(NC2CCc3ccccc32)c1,2.49
Cc1cccc([N+](=O)[O-])c1N,-0.71
Cc1cccc2c(N)ccc(C)c12,4.42
Cc1cccc2c(N)nc3ccccc3c12,7.51
Cc1cccc2cc(N)cc(C)c12,4.27
Cc1cccc2cccnc12,4.755
Cc1cccc2nc(N)c3cccc(C)c3c12,7.91
Cc1cccc2nc(N)c3ccccc3c12,7.49
Cc1cccc2ncccc12,4.62
Cc1ccccc1C(N)=NO,3.99
Cc1ccccc1C=O,-6.5
Cc1ccccc1CN,9.19
Cc1ccccc1N,4.426333333333334
Cc1ccccc1N(C)C,5.98
Cc1ccccc1N(C)N,5.29
Cc1ccccc1NC(C)(C)C,6.49
Cc1ccccc1NC1CCCC1,5.07
Cc1ccccc1NC1CCCCC1,5.34
Cc1ccccc1NC1CCc2ccccc21,0.83
Cc1ccccn1,5.954625
Cc1cccnc1,5.6366
Cc1cccnc1C,6.57
Cc1ccn(C)n1,3.11
Cc1ccn2c1[C@H](O)CC2,9.51
Cc1ccnc(C)c1,6.796666666666667
Cc1ccnc2c(S)cccc12,2.07
Cc1ccnc2c1ccc1c(C)ccnc12,5.94
Cc1ccnc2ccccc12,5.395
Cc1ccncc1,6.018666666666667
Cc1ccncc1C,6.470000000000001
Cc1ccno1,2.3
Cc1ccon1,-1.0
Cc1cn(C)c2ccccc12,-3.335
Cc1cnc(C)cn1,2.1
Cc1cnc(C)s1,3.91
Cc1cnc2c(N)cccc2n1,2.95
Cc1cnc2c(c1)c(C)c(C)c1cc(C)cnc12,5.52
Cc1cnc2c(c1)c(C)c(C)c1cccnc12,5.32
Cc1cnc2c(c1)c(C)cc1c(C)c(C)cnc12,6.05
Cc1cnc2c(c1)c(C)cc1c(C)ccnc12,5.88
Cc1cnc2c(c1)cc(C)c1cc(C)cnc12,5.25
Cc1cnc2c(cc(C)c3c(C)ccnc32)c1C,6.43
Cc1cnc2c(cc(C)c3cccnc32)c1C,5.91
Cc1cnc2c(ccc3c(C)c(C)cnc32)c1C,6.29
Cc1cnc2c(ccc3c(C)ccnc32)c1,5.55
Cc1cnc2c(ccc3c(C)ccnc32)c1C,5.97
Cc1cnc2c(ccc3cc(C)cnc32)c1,5.21
Cc1cnc2c(ccc3cccnc32)c1,4.98
Cc1cnc2c(ccc3cccnc32)c1C,5.6
Cc1cnc2c(n1)N=CNC2O,4.91
Cc1cnc2cc(N)ccc2n1,2.86
Cc1cnc2ccc(N)cc2n1,3.3
Cc1cnc2cccc(N)c2n1,2.73
Cc1cnc2ccccc2c1,4.84
Cc1cncc(C)c1,6.145
Cc1cncc(C)n1,2.5
Cc1cnccn1,1.5
Cc1cncs1,3.081666666666667
Cc1cnoc1C,0.0
Cc1cocn1,1.07
Cc1csc(C(=O)O)n1,1.2
Cc1csc(C)n1,3.95
Cc1cscn1,3.1325
Cc1n[nH]c(C)n1,3.79
Cc1n[nH]c(NN)nc1=O,2.81
Cc1nc(C)c(C(=O)O)cc1C(=O)O,1.72
Cc1nc(C)c(C)[nH]1,8.92
Cc1nc(C)c(C)nc1C,2.8
Cc1nc(C)c(C)s1,4.55
Cc1nc(N)[nH]c1C,9.21
Cc1nc(N)nc(N)n1,4.6
Cc1nc2cc([N+](=O)[O-])ccc2n1C,4.4
Cc1nc2ccc(Br)cc2nc1C,1.22
Cc1nc2ccc(C#N)cc2nc1C,0.41
Cc1nc2ccc(C(=O)O)cc2nc1C,1.05
Cc1nc2ccc(Cl)cc2nc1C,1.29
Cc1nc2ccc(F)cc2nc1C,1.48
Cc1nc2ccc(I)cc2nc1C,1.34
Cc1nc2ccc(N)cc2nc1C,3.44
Cc1nc2ccc([N+](=O)[O-])cc2n1C,4.2
Cc1nc2ccc([N+](=O)[O-])cc2nc1C,0.07
Cc1nc2cccc(N)c2nc1C,3.27
Cc1nc2ccccc2[nH]1,6.210000000000001
Cc1nc[nH]c1C,8.28
Cc1nc[nH]c1C(=O)O,2.53
Cc1ncc(C#N)c(N(C)C)n1,4.37
Cc1ncc(C#N)c(N)n1,3.51
Cc1ncc(C(=O)O)c(N(C)C)n1,1.9
Cc1ncc(C(=O)O)c(N)n1,2.14
Cc1ncc(C(N)=O)c(N(C)C)n1,5.93
Cc1ncc(C(N)=O)c(N)n1,4.97
Cc1ncc(C=O)c(CO)c1O,4.0
Cc1ncc(C=O)c(N)n1,4.46
Cc1ncc(CO)c(C=O)c1O,4.215
Cc1ncc(CO)c(CN)c1O,3.425
Cc1ncc(CO)c(CO)c1O,5.0
Cc1ncc(COP(=O)(O)O)c(CN)c1O,2.5
Cc1ncc[nH]1,7.8555
Cc1nccc(N(C)C)n1,7.49
Cc1nccc(N)n1,6.53
Cc1nccc(OC(C)C)n1,4.46
Cc1nccc(Oc2ccccc2)n1,3.17
Cc1nccs1,3.415
Cc1ncoc1C(=O)O,1.09
Cc1ncsc1C,3.73
Cc1noc(C)c1C,-1.0
Clc1c(Cl)c2cccnc2c2ncccc12,3.45
Clc1cc(Cl)c2cccccc1-2,-5.43
Clc1cc2cccnc2c2ncccc12,4.18
Clc1ccc(C=Nc2ccccc2)cc1,2.8
Clc1ccc2c(Cl)ccnc2c1,2.8
Clc1ccc2cccccc1-2,-3.05
Clc1ccc2cccnc2c1,3.85
Clc1ccc2nccc(Cl)c2c1,2.81
Clc1ccc2ncccc2c1,3.7866666666666666
Clc1cccc2cccnc12,3.12
Clc1cccc2ncccc12,3.65
Clc1ccccn1,0.605
Clc1cccnc1,2.825
Clc1ccnc2c1ccc1c(Cl)ccnc12,3.01
Clc1ccnc2cc(Br)ccc12,2.83
Clc1ccnc2ccc(Br)cc12,2.83
Clc1ccnc2ccccc12,3.7
Clc1ccncc1,3.83
Clc1cnc2c(ccc3cccnc32)c1,3.97
Clc1cnc2ccccc2c1,2.63
Clc1cncc(Cl)c1,0.67
Cn1c(=O)c2[nH]cnc2n(C)c1=O,
Cn1c(=O)c2c(ncn2C)n(C)c1=O,
Cn1c(CO)nc2ccccc21,5.55
Cn1c(N)ccnc1=O,7.4
Cn1cc(CC(=O)O)c2ccccc21,-4.6
Cn1ccc2ccccc21,-2.14
Cn1cccn1,2.04
Cn1ccnc1,7.133333333333333
Cn1ccnc1C(=O)O,1.53
Cn1ccnc1N,8.65
Cn1cnc(-c2ccccc2)c1,5.78
Cn1cnc(C[C@H](NC(=O)CCN)C(=O)O)c1,2.64
Cn1cnc(Cl)c1,6.23
Cn1cnc2c([N+](=O)[O-])cccc21,3.86
Cn1cnc2c1c(=O)[nH]c(=O)n2C,
Cn1cnc2cc([N+](=O)[O-])ccc21,3.4
Cn1cnc2ccc([N+](=O)[O-])cc21,3.67
Cn1cnc2cccc([N+](=O)[O-])c21,3.25
Cn1cncc1C[C@H](N)C(=O)O,1.92
Cn1cncc1[N+](=O)[O-],2.13
Fc1ccc2c(Cl)ccnc2c1,3.04
Fc1ccc2cccnc2c1,4.31
Fc1ccc2nccc(Cl)c2c1,2.95
Fc1ccc2ncccc2c1,4.279999999999999
Fc1cccc2cccnc12,3.375
Fc1cccc2ncccc12,3.955
Fc1ccccn1,-0.44
Fc1cccnc1,2.97
Fc1cnc2ccccc2c1,2.6950000000000003
Ic1ccccn1,1.82
Ic1cccnc1,3.25
N#CC1CN2CCC1CC2,7.81
N#CCCNCCC#N,5.26
N#CCCNN,5.91
N#CCN,5.34
N#CCN1CCCCC1,4.55
N#Cc1cc(N)c2ccccc2c1,2.26
N#Cc1cc(N)cc2ccccc12,2.66
N#Cc1ccc(CN)cc1,8.52
N#Cc1ccc(N)c(N)c1,2.93
N#Cc1ccc(N)cc1,1.7329999999999999
N#Cc1ccc2cccccc1-2,-6.35
N#Cc1cccc(N)c1,2.7496
N#Cc1ccccc1N,0.86
N#Cc1cccnc1,1.35
N#Cc1ccncc1,1.86
N#Cc1cncc(C#N)c1,1.31
N=C(N)Cc1cccc2ccccc12,11.31
N=C(N)Cc1ccccc1,11.57
N=C(N)N,13.6
N=C(N)NCCC[C@@H](NC(=O)[C@H](N)Cc1ccc(O)cc1)C(=O)O,2.6399999999999997
N=C(N)NCCC[C@H](NC(=O)[C@@H](N)Cc1ccccc1)C(=O)O,2.6
N=C1NCC(=O)N1,4.76
NC(=NO)C(N)=NO,2.98
NC(=NO)c1ccccc1,4.95
NC(=O)C(O)[C@H](N)C(=O)O,2.09
NC(=O)C1CN2CCC1CC2,9.67
NC(=O)CC[C@@H](N)C(=O)N[C@H](CCC(=O)O)C(=O)O,3.14
NC(=O)CC[C@H](N)C(=O)NCC(=O)O,3.15
NC(=O)CC[C@H](N)C(=O)O,2.17
NC(=O)C[C@@](N)(O)C(=O)O,2.28
NC(=O)C[C@H](N)C(=O)O,2.06
NC(=O)C[C@H](NC(=O)[C@@H](N)CS)C(=O)O,1.94
NC(=O)N/N=C/c1ccccc1,0.96
NC(=O)N/N=C/c1ccco1,1.44
NC(=O)NCCC[C@H](N)C(=O)O,2.43
NC(=O)Nc1ccccc1,-0.875
NC(=O)[C@@H](N)Cc1ccc(O)cc1,7.48
NC(=O)[C@@H](N)Cc1ccccc1,7.22
NC(=O)c1c(Cl)ccc(Cl)c1Cl,-3.3
NC(=O)c1c([N+](=O)[O-])cc([N+](=O)[O-])cc1[N+](=O)[O-],-4.08
NC(=O)c1cc([N+](=O)[O-])c(Cl)c([N+](=O)[O-])c1Cl,-3.73
NC(=O)c1ccc(Br)cc1,-2.47
NC(=O)c1ccc(Cl)cc1,-2.47
NC(=O)c1ccc(F)cc1,-2.24
NC(=O)c1ccc([N+](=O)[O-])cc1,-3.23
NC(=O)c1ccc[nH]1,-1.23
NC(=O)c1cccc(Br)c1,-2.75
NC(=O)c1cccc(Cl)c1,-2.59
NC(=O)c1cccc([N+](=O)[O-])c1,-2.745
NC(=O)c1ccccc1,-2.16
NC(=O)c1ccco1,-2.61
NC(C(=O)O)c1ccccc1,1.83
NC(CC(=O)O)C(F)(F)F,2.76
NC(CC(F)(F)F)C(=O)O,1.6
NC(CC(N)=NO)=NO,4.73
NC(CCC(N)=NO)=NO,5.93
NC(CO)(CO)CO,8.06564
NC(Cc1c(F)c(F)c(F)c(F)c1F)C(=O)O,1.88
NC(N)=O,0.15
NC(N)=S,-1.0
NC1=CC(=O)C(=O)c2ccccc21,1.57
NC1C=CCCC1,10.42
NC1CC1,9.1
NC1CCC1,3.96
NC1CCCC1,10.65
NC1CCCC1O,9.2
NC1CCCCC1,10.68
NC1CCCCC1O,9.53
NC1CCCCCC1O,9.25
NC1Cc2ccccc2C1O,8.13
NCC(=O)N1CCC[C@H]1C(=O)O,2.825
NCC(=O)NCC(=O)NCC(=O)NCC(=O)O,3.25
NCC(=O)NCC(=O)NCC(=O)O,3.38875
NCC(=O)NCC(=O)O,3.15845
NCC(=O)N[C@@H](CC(N)=O)C(=O)O,2.942
NCC(=O)N[C@@H](CO)C(=O)NCC(=O)O,3.23
NCC(=O)N[C@@H](CO)C(=O)O,2.9504
NCC(=O)N[C@@H](Cc1c[nH]c2ccccc12)C(=O)O,8.06
NCC(=O)N[C@@H](Cc1ccccc1)C(=O)O,3.12
NCC(=O)O,2.3571909090909093
NCC(CN)(CN)CN,9.89
NCC(F)(F)F,5.59
NCC(F)F,7.09
NCC(N)=O,7.95
NCC(N)C(=O)O,1.33
NCC(N)c1ccccc1,8.55
NCC(O)C(=O)O,2.72
NCC(O)CN,9.57
NCC1CCCCC1,10.49
NCCC(=O)O,3.5755
NCCCC(=O)O,7.2981
NCCCCC(=O)O,4.1466666666666665
NCCCCCC(=O)O,4.373
NCCCCCCN,10.977
NCCCCCN,10.698666666666668
NCCCCN,10.497
NCCCC[C@H](N)C(=O)N[C@@H](CCCCN)C(=O)N[C@@H](CCCCN)C(=O)O,3.08
NCCCC[C@H](N)C(=O)N[C@@H](CCCCN)C(=O)O,2.48
NCCCC[C@H](N)C(=O)O,4.473333333333334
NCCCC[C@H](NC(=O)[C@@H](N)CO)C(=O)O,2.92
NCCCN,10.37
NCCCNCCCN,10.65
NCCCNCCO,10.19
NCCCNCCc1ccccn1,10.21
NCCCNCc1ccccn1,10.09
NCCCO,9.905000000000001
NCCC[C@H](N)C(=O)O,1.8225
NCCF,8.79
NCCN,9.968833333333334
NCCNC(=O)c1ccccc1,9.13
NCCNCC(N)N,10.13
NCCNCC1CCCC1,10.41
NCCNCC1CCCCC1,10.47
NCCNCC1CCCO1,9.9
NCCNCCC1CCCCC1,10.36
NCCNCCCO,9.67
NCCNCCN,9.998000000000001
NCCNCCNCC(N)CCN,9.92
NCCNCCNCCNCCN,9.68
NCCNCCO,9.633333333333333
NCCNCCc1cccnc1,9.78
NCCNCc1ccccc1,9.41
NCCNCc1ccccn1,9.54
NCCNc1ccccc1,9.44
NCCO,9.489566666666667
NCCOS(=O)(=O)O,9.135
NCCOS(=O)(=O)[O-],9.1821
NCCS,8.309999999999999
NCCS(=O)(=O)O,0.585
NCC[C@H](N)C(=O)O,1.87
NCCc1ccc(O)cc1,9.74
NCCc1ccc(O)cc1O,8.91
NCCc1cccc(O)c1,9.58
NCCc1ccccc1,9.844
NCCc1ccccc1O,9.52
NCCc1ccccn1,9.555
NCCc1cscn1,9.48
NCCc1nc(I)[nH]c1I,2.31
NCCc1nc[nH]c1I,4.06
NCCc1ncc[nH]1,9.274
NC[C@H](N)C(=O)O,1.59
NCc1c(F)c(F)c(F)c(F)c1F,7.67
NCc1c[nH]cn1,7.145
NCc1ccc(Br)cc1,9.13
NCc1ccc(Cl)cc1,9.173333333333334
NCc1ccc(F)cc1,9.3
NCc1ccc([N+](=O)[O-])cc1,8.463333333333333
NCc1ccc2c(c1)OCO2,9.37
NCc1cccc(Br)c1,8.98
NCc1cccc(Cl)c1,9.0
NCc1cccc(F)c1,9.04
NCc1cccc([N+](=O)[O-])c1,8.585
NCc1ccccc1,9.428571428571429
NCc1ccccn1,8.594999999999999
NNC(=O)c1ccc(N)cc1,2.05
NNC(=O)c1cccc(N)c1,2.57
NNC(=O)c1ccccc1N,1.85
NNC(N)=O,3.65
NNCc1ccccc1,6.83
NNc1cccc2ccccc12,5.06
NNc1ccccc1,5.234999999999999
NNc1nc(=O)c(Cc2ccccc2)n[nH]1,2.82
NNc1nc(=O)cn[nH]1,2.73
NOCC[C@H](N)C(=O)O,2.4
N[C@@H](CC(=O)O)C(=O)N[C@@H](CC(=O)O)C(=O)O,2.7
N[C@@H](CC(=O)O)C(=O)O,1.984
N[C@@H](CCC(=O)N[C@@H](CS)C(=O)NCC(=O)O)C(=O)O,3.5
N[C@@H](CCC(=O)O)C(=O)O,2.164
N[C@@H](CCC(F)(F)F)C(=O)O,2.04
N[C@@H](CCCC(F)(F)F)C(=O)O,2.16
N[C@@H](CCS)C(=O)O,2.222
N[C@@H](CCSSCC[C@H](N)C(=O)O)C(=O)O,1.593
N[C@@H](CO)C(=O)NCC(=O)O,3.1
N[C@@H](CO)C(=O)N[C@@H](CCC(=O)O)C(=O)O,2.94
N[C@@H](CO)C(=O)O,3.5852000000000004
N[C@@H](COP(=O)(O)O)C(=O)O,2.08
N[C@@H](CS(=O)(=O)O)C(=O)O,1.3
N[C@@H](CS)C(=O)O,1.71
N[C@@H](Cc1c[nH]c2ccccc12)C(=O)O,2.4450000000000003
N[C@@H](Cc1c[nH]nn1)C(=O)O,1.7
N[C@@H](Cc1cc(Br)c(O)c(Br)c1)C(=O)O,2.17
N[C@@H](Cc1cc(Cl)c(O)c(Cl)c1)C(=O)O,2.12
N[C@@H](Cc1cc(I)c(O)c(I)c1)C(=O)O,2.12
N[C@@H](Cc1cc[nH]n1)C(=O)O,1.9
N[C@@H](Cc1ccc(O)c(O)c1)C(=O)O,2.32
N[C@@H](Cc1ccc(O)cc1)C(=O)N[C@@H](Cc1ccc(O)cc1)C(=O)O,3.52
N[C@@H](Cc1ccccc1)C(=O)NCC(=O)O,3.0999999999999996
N[C@@H](Cc1ccccc1)C(=O)O,2.3
N[C@@H](Cc1cn(Cc2ccccc2)cn1)C(=O)O,1.96
N[C@@H]1C(O)O[C@H](CO)[C@@H](O)[C@@H]1O,7.28
N[C@@H]1CONC1=O,4.5
N[C@H](C(=O)O)C(O)CC(=O)O,2.27
N[C@H](C(=O)O)[C@H](O)C(F)(F)F,1.55
N[C@H]1C(O)O[C@H](CO)[C@H](O)[C@@H]1O,7.7
Nc1c(Br)cc(Br)cc1[N+](=O)[O-],-2.98
Nc1c(Br)cc([N+](=O)[O-])cc1[N+](=O)[O-],-6.64
Nc1c(Br)cccc1Br,0.259
Nc1c(Cl)cc(Cl)cc1[N+](=O)[O-],-3.4225
Nc1c(Cl)cc([N+](=O)[O-])cc1Cl,-3.2
Nc1c(Cl)cc([N+](=O)[O-])cc1[N+](=O)[O-],-6.755
Nc1c(Cl)cccc1Cl,0.422
Nc1c(S(=O)(=O)O)ccc2ccccc12,1.71
Nc1c([N+](=O)[O-])cc([N+](=O)[O-])cc1[N+](=O)[O-],-9.87
Nc1c([N+](=O)[O-])ccc2ccccc12,-1.74
Nc1c([N+](=O)[O-])cccc1[N+](=O)[O-],-5.37
Nc1cc(Br)c2ccccc2c1,3.4
Nc1cc(Br)cc(Br)c1,2.3475
Nc1cc(Br)cc2ccccc12,2.67
Nc1cc(Br)ccc1Br,1.44
Nc1cc(Br)ccc1C(=O)O,1.24
Nc1cc(Br)ccc1[N+](=O)[O-],-1.48
Nc1cc(C(=O)O)c2ccccc2c1,2.61
Nc1cc(C(=O)O)cc2ccccc12,2.89
Nc1cc(Cl)c([N+](=O)[O-])cc1Cl,-1.74
Nc1cc(Cl)c2ccccc2c1,3.38
Nc1cc(Cl)cc(Cl)c1,2.3913333333333333
Nc1cc(Cl)cc2ccccc12,2.69
Nc1cc(Cl)ccc1C(=O)O,1.21
Nc1cc(Cl)ccc1Cl,1.529
Nc1cc(Cl)ccc1[N+](=O)[O-],-1.5066666666666666
Nc1cc(F)ccc1C(=O)O,1.42
Nc1cc(I)c2ccccc2c1,3.41
Nc1cc(I)cc(I)c1,2.368
Nc1cc(I)cc2ccccc12,2.82
Nc1cc(N)c2ccccc2c1O,3.14
Nc1cc(O)c(O)c2ccccc12,4.41
Nc1cc(O)c2ccccc2c1O,4.04
Nc1cc(O)cc2ccccc12,3.3
Nc1cc(O)ccc1[N+](=O)[O-],-0.55
Nc1cc(S(=O)(=O)O)cc2ccccc12,3.2
Nc1cc([N+](=O)[O-])c2ccccc2c1,2.43
Nc1cc([N+](=O)[O-])cc([N+](=O)[O-])c1,0.2295
Nc1cc([N+](=O)[O-])cc2ccccc12,2.07
Nc1cc([N+](=O)[O-])ccc1Br,0.52
Nc1cc([N+](=O)[O-])ccc1C(=O)O,0.65
Nc1cc([N+](=O)[O-])ccc1Cl,0.64
Nc1cc([N+](=O)[O-])ccc1F,1.09
Nc1cc([N+](=O)[O-])ccc1[N+](=O)[O-],-2.49
Nc1cc2c3c(cccc3c1)CC2,4.5
Nc1cc2ccccc2cc1[N+](=O)[O-],1.48
Nc1ccc(-c2cc(=O)c3ccccc3o2)cc1,2.66
Nc1ccc(-c2ccc(N)cc2)cc1,4.95
Nc1ccc(-c2ccc([N+](=O)[O-])cc2)cc1,3.67
Nc1ccc(-c2ccccc2)cc1[N+](=O)[O-],-0.8200000000000001
Nc1ccc(/N=N/c2ccccc2)cc1,2.82
Nc1ccc(Br)c([N+](=O)[O-])c1,1.8
Nc1ccc(Br)c2ccccc12,3.21
Nc1ccc(Br)cc1,3.8729999999999998
Nc1ccc(Br)cc1Br,1.8485
Nc1ccc(Br)cc1C(=O)O,1.6
Nc1ccc(Br)cc1N,3.69
Nc1ccc(Br)cc1[N+](=O)[O-],-1.0750000000000002
Nc1ccc(C(=O)O)cc1,2.4306666666666668
Nc1ccc(C(=O)O)cc1N,3.49
Nc1ccc(C(=O)c2ccc(N)cc2)cc1,2.932
Nc1ccc(C(=O)c2ccccc2)cc1,2.17
Nc1ccc(C(F)(F)F)cc1,2.6
Nc1ccc(C(F)(F)F)cc1[N+](=O)[O-],-2.2800000000000002
Nc1ccc(C=Cc2ccc(N)cc2)cc1,5.2
Nc1ccc(C=Cc2ccc([N+](=O)[O-])cc2)cc1,3.8
Nc1ccc(C=Cc2ccccc2)cc1,4.18
Nc1ccc(C=O)cc1,1.76
Nc1ccc(Cl)c(Cl)c1,2.984
Nc1ccc(Cl)c([N+](=O)[O-])c1,1.915
Nc1ccc(Cl)cc1,3.9824444444444445
Nc1ccc(Cl)cc1C(=O)O,1.69
Nc1ccc(Cl)cc1Cl,2.012
Nc1ccc(Cl)cc1N,3.83
Nc1ccc(Cl)cc1[N+](=O)[O-],-0.985
Nc1ccc(F)c(Cl)c1,3.66
Nc1ccc(F)c([N+](=O)[O-])c1,2.44
Nc1ccc(F)cc1,4.6160000000000005
Nc1ccc(F)cc1C(=O)O,2.03
Nc1ccc(F)cc1N,4.28
Nc1ccc(F)cc1[N+](=O)[O-],-0.39
Nc1ccc(I)cc1,3.7903333333333333
Nc1ccc(I)cc1N,3.68
Nc1ccc(N)c(N)c1,5.5
Nc1ccc(N)c2ccccc12,5.87
Nc1ccc(N)cc1,6.24
Nc1ccc(Nc2ccccc2)cc1,5.2
Nc1ccc(O)c([N+](=O)[O-])c1,3.6
Nc1ccc(O)cc1,5.576666666666667
Nc1ccc(O)cc1C(=O)O,2.72
Nc1ccc(O)cc1[N+](=O)[O-],1.2
Nc1ccc(OC(F)(F)C(F)(F)F)cc1,3.78
Nc1ccc(OC(F)(F)F)cc1,3.82
Nc1ccc(Oc2ccccc2)cc1C(=O)O,2.34
Nc1ccc(S(=O)(=O)C(F)(F)F)cc1,-0.01
Nc1ccc(S(=O)(=O)O)c2ccccc12,2.81
Nc1ccc(S(N)(=O)=O)cc1,2.06
Nc1ccc(SC(F)(F)F)cc1,2.78
Nc1ccc([N+](=O)[O-])cc1,1.0089000000000001
Nc1ccc([N+](=O)[O-])cc1Cl,-0.94
Nc1ccc([N+](=O)[O-])cc1N,2.61
Nc1ccc([N+](=O)[O-])cc1[N+](=O)[O-],-4.3
Nc1ccc2[nH]ncc2c1,5.12
Nc1ccc2c(O)cccc2c1,4.07
Nc1ccc2c(S(=O)(=O)O)cccc2c1,3.96
Nc1ccc2c([N+](=O)[O-])cccc2c1,3.01
Nc1ccc2c(c1)-c1ccccc1C2,4.75
Nc1ccc2c(c1)Cc1cc(O)ccc1-2,4.88
Nc1ccc2c(c1)Cc1ccc(O)cc1-2,4.63
Nc1ccc2c(c1)Cc1cccc(O)c1-2,4.73
Nc1ccc2c(c1)Cc1ccccc1-2,4.64
Nc1ccc2c(c1O)Cc1ccccc1-2,4.82
Nc1ccc2c3c(cccc13)CC2,4.58
Nc1ccc2cc(S(=O)(=O)O)ccc2c1,3.74
Nc1ccc2cc([N+](=O)[O-])ccc2c1,2.62
Nc1ccc2ccc(O)cc2c1,4.25
Nc1ccc2ccc(S(=O)(=O)O)cc2c1,3.95
Nc1ccc2ccc([N+](=O)[O-])cc2c1,3.1
Nc1ccc2cccc(S(=O)(=O)O)c2c1,3.89
Nc1ccc2cccc([N+](=O)[O-])c2c1,2.73
Nc1ccc2ccccc2c1,4.1675
Nc1ccc2ccccc2c1[N+](=O)[O-],-0.85
Nc1ccc2cn[nH]c2c1,3.99
Nc1cccc(-c2cc(=O)c3ccccc3o2)c1,3.56
Nc1cccc(Br)c1,3.5278333333333336
Nc1cccc(C(=O)O)c1,3.0589999999999997
Nc1cccc(C(F)(F)F)c1,3.345
Nc1cccc(Cl)c1,3.4882727272727276
Nc1cccc(Cl)c1Cl,1.7355
Nc1cccc(F)c1,3.5050000000000003
Nc1cccc(I)c1,3.5805000000000002
Nc1cccc(N)c1,5.09
Nc1cccc(O)c1,4.286666666666666
Nc1cccc(OB(O)O)c1,4.41
Nc1cccc(OC(F)(F)C(F)(F)F)c1,3.24
Nc1cccc(OC(F)(F)F)c1,3.25
Nc1cccc(S(=O)(=O)C(F)(F)F)c1,1.79
Nc1cccc(S(N)(=O)=O)c1,2.8800000000000003
Nc1cccc(SC(F)(F)F)c1,3.3
Nc1cccc([N+](=O)[O-])c1,2.5049375
Nc1cccc2[nH]ncc12,3.26
Nc1cccc2c(Cl)cccc12,3.34
Nc1cccc2c(O)cccc12,3.96
Nc1cccc2c(S(=O)(=O)O)cccc12,3.69
Nc1cccc2c([N+](=O)[O-])cccc12,2.73
Nc1cccc2c1-c1ccccc1C2,3.39
Nc1cccc2c1Cc1ccccc1-2,3.87
Nc1cccc2cc(Cl)ccc12,3.48
Nc1cccc2cc(O)ccc12,3.97
Nc1cccc2cc(S(=O)(=O)O)ccc12,3.8
Nc1cccc2cc([N+](=O)[O-])ccc12,2.89
Nc1cccc2cc3ccccc3cc12,4.1
Nc1cccc2ccc(Cl)cc12,3.48
Nc1cccc2ccc(O)cc12,4.2
Nc1cccc2ccc(S(=O)(=O)O)cc12,3.66
Nc1cccc2ccc([N+](=O)[O-])cc12,2.55
Nc1cccc2cccc(S(=O)(=O)O)c12,5.03
Nc1cccc2ccccc12,3.9466666666666668
Nc1cccc2cn[nH]c12,3.02
Nc1ccccc1,4.603866666666666
Nc1ccccc1Br,2.532833333333333
Nc1ccccc1C(=O)O,2.1045
Nc1ccccc1CNCCNCc1ccccc1N,9.0
Nc1ccccc1Cl,2.6417777777777776
Nc1ccccc1F,3.1325000000000003
Nc1ccccc1I,2.57425
Nc1ccccc1N,4.665
Nc1ccccc1O,4.683333333333334
Nc1ccccc1OC(F)(F)F,2.44
Nc1ccccc1S(N)(=O)=O,1.0
Nc1ccccc1[N+](=O)[O-],-0.2222142857142857
Nc1ccccn1,6.71
Nc1cccnc1,6.035
Nc1cccnc1N,6.932666666666667
Nc1ccn([C@@H]2O[C@H](CO)[C@@H](O)[C@H]2O)c(=O)n1,4.185
Nc1ccnc(O)n1,4.6
Nc1ccncc1,9.138033333333333
Nc1cnc2ccccc2n1,3.87
Nc1cnccn1,2.93
Nc1cncnc1,2.51
Nc1nc(N)nc(N)n1,5.033333333333333
Nc1nc(N)nc(Nc2ccccc2)n1,4.65
Nc1nc(NCO)nc(NCO)n1,4.65
Nc1nc(O)c2[nH]cnc2n1,3.3
Nc1nc2ccc3ccccc3c2c2ccccc12,6.67
Nc1nc2ccccc2c2c1ccc1ccccc12,6.64
Nc1nc2ccccc2c2ccccc12,7.23
Nc1ncc[nH]1,8.46
Nc1nccc(O)n1,3.91
Nc1nccs1,5.322
Nc1ncnc(N)n1,5.88
Nc1ncnc2c1ncn2[C@@H]1O[C@H](CO)[C@@H](O)[C@H]1O,3.526666666666667
Nc1ncnc2c1ncn2[C@@H]1O[C@H](CO)[C@@H](OP(=O)(O)O)[C@H]1O,0.89
Nc1ncnc2nc[nH]c12,4.138
O=C(Cc1ccccc1)c1ccccc1,-6.85
O=C(NO)c1ccc(Cl)cc1,-2.3049999999999997
O=C(NO)c1ccc(O)cc1,-1.615
O=C(NO)c1ccccc1,-2.25
O=C(O)C1CCCC(C(=O)O)N1,2.54
O=C(O)C1CSCN1,1.65
O=C(O)CCc1ncc[nH]1,3.95
O=C(O)CN(CCO)CCO,1.81
O=C(O)CN1CCCCC1,1.98
O=C(O)CN1CCOCC1,1.91
O=C(O)C[C@H](NO)C(=O)O,1.91
O=C(O)Cc1c[nH]c2ccccc12,-6.13
O=C(O)Cc1ccccn1,2.57
O=C(O)[C@@H]1CCCN1,1.952
O=C(O)c1c[nH]cn1,1.97
O=C(O)c1ccc2ccccc2n1,0.1
O=C(O)c1ccc2cccccc1-2,-3.5
O=C(O)c1ccc2ncccc2c1,0.1
O=C(O)c1cccc2cccnc12,1.82
O=C(O)c1ccccc1,-7.64
O=C(O)c1ccccn1,0.9466666666666667
O=C(O)c1cccnc1,2.9433333333333334
O=C(O)c1ccco1,-7.3
O=C(O)c1ccncc1,2.7900000000000005
O=C(O)c1cncc(C(=O)O)c1,1.1
O=C(c1ccccc1)N1CCNCC1,7.75
O=C(c1ccccc1)c1cccnc1,3.18
O=C(c1ccccc1)c1ccncc1,3.35
O=C1C=C(O)C(=O)C=C1O,-9.5
O=C1CCC1,-9.5
O=C1CCCC1,-7.5
O=C1CCCCC1,-6.8
O=C1CCCCCC1,-6.6
O=C1CCCCCCC1,-6.2
O=C1C[C@@H]2OCC=C3CN4CC[C@]56c7ccccc7N1[C@H]5[C@H]2[C@H]3C[C@H]46,8.26
O=C1NCc2ccccc21,-2.1
O=Cc1ccc(Cl)cc1,-7.26
O=Cc1ccc([N+](=O)[O-])cc1,-8.45
O=Cc1cccc(Cl)c1,-7.68
O=Cc1ccccc1,-7.265
O=Cc1ccccn1,3.7962000000000002
O=Cc1cccnc1,3.7093333333333334
O=Cc1ccncc1,4.5375
O=Nc1ccc(O)c2ncccc12,2.26
O=P(c1ccccc1)(c1ccccc1)c1ccccc1,-2.1
O=S(=O)(O)c1cc(I)c(O)c2ncccc12,2.514
O=S(=O)(O)c1cc(N=Nc2ccccc2)c(O)c2ncccc12,3.41
O=S(=O)(O)c1ccc(O)c2ncccc12,4.014666666666667
O=S(=O)(O)c1cccc2ncc(O)cc12,4.09
O=S(=O)(O)c1ccccn1,1.75
O=S(=O)(O)c1cccnc1,3.22
O=S(=O)(O)c1ccncc1,3.44
O=S(Cc1ccccc1)Cc1ccccc1,-2.03
O=S(c1ccccc1)c1ccccc1,-3.19
O=[As](c1ccccc1)(c1ccccc1)c1ccccc1,0.99
O=[N+]([O-])c1cc(S(=O)(=O)O)c2cccnc2c1O,1.95
O=[N+]([O-])c1cc2cccnc2c2ncccc12,3.33
O=[N+]([O-])c1ccc(CNc2ccc([N+](=O)[O-])cc2[N+](=O)[O-])cc1,-6.23
O=[N+]([O-])c1ccc(N=Nc2cc(S(=O)(=O)O)c3cccnc3c2O)cc1,3.14
O=[N+]([O-])c1ccc(NC2CCc3ccccc32)cc1,-1.13
O=[N+]([O-])c1ccc(NCc2ccc(F)cc2)c([N+](=O)[O-])c1,-4.99
O=[N+]([O-])c1ccc(NCc2cccc(F)c2)c([N+](=O)[O-])c1,-5.46
O=[N+]([O-])c1ccc(NCc2ccccc2)c([N+](=O)[O-])c1,-4.9
O=[N+]([O-])c1ccc2[nH]ccc2c1,-7.4
O=[N+]([O-])c1ccc2cc[nH]c2c1,-6.9
O=[N+]([O-])c1cccc(CNc2ccc([N+](=O)[O-])cc2[N+](=O)[O-])c1,-6.05
O=[N+]([O-])c1cccc(NC2CCc3ccccc32)c1,-0.46
O=[N+]([O-])c1cccnc1,0.995
O=[N+]([O-])c1ccncc1,1.39
O=[N+]([O-])c1cnc2ccccc2c1,1.03
O=[N+]([O-])c1cncc2ccccc12,1.35
O=[Se](c1ccccc1)c1ccccc1,0.35
O=c1cc(-c2ccccc2)oc(-c2ccccc2)c1,-0.26
O=c1ccn([C@@H]2O[C@H](CO)[C@@H](O)[C@H]2O)c(=O)[nH]1,9.51
O=c1ccocc1,0.1
OC(c1ccccc1)(c1ccccc1)c1ccccn1,3.9
OC1CCCCC1,-2.5
OC1CN=CNC1,10.9
OCCCNCCCl,7.48
OCCCNCCO,8.52
OCCCc1ccccn1,5.61
OCCCc1cccnc1,5.47
OCCCc1ccncc1,5.84
OCCN(CCO)Cc1ccccc1,7.68
OCCN(CCO)c1ccccc1,4.16
OCCNC(CO)(CO)CO,7.83
OCCNCC(O)O,7.7661999999999995
OCCNCCNCCO,9.24
OCCNCCO,8.9215
OCCNCc1ccccn1,7.94
OCCNc1ccccc1,4.22
OCCc1c[nH]cn1,7.26
OCCc1ccccn1,5.31
OCCc1ccncc1,5.6
OCNc1nc(NCO)nc(NCO)n1,4.033333333333333
OC[C@H]1OC(Nc2ccccc2)[C@H](O)[C@@H](O)[C@@H]1O,0.42
OCc1c[nH]cn1,6.54
OCc1ccccn1,4.630000000000001
OCc1cccnc1,4.9
OCc1ccncc1,5.33
OCc1nc2ccccc2[nH]1,5.4
Oc1c(C(F)(F)F)ccc2cccnc12,2.4
Oc1cc(C(F)(F)F)cc2cccnc12,2.6
Oc1cc(O)cc(O)c1,-7.74
Oc1ccc(Br)c2cccnc12,3.67
Oc1ccc(C(F)(F)F)c2cccnc12,1.8
Oc1ccc(Cl)c2cccnc12,3.56
Oc1ccc(I)c2cccnc12,3.48
Oc1ccc(NCc2ccccc2)cc1,5.1
Oc1ccc2nc3ccccc3cc2c1,5.22
Oc1ccc2nc3ccccc3nc2c1,2.39
Oc1cccc2cc3ccccc3nc12,5.07
Oc1cccc2cccnc12,4.91
Oc1cccc2ccnnc12,2.86
Oc1cccc2nc3ccccc3cc12,5.35
Oc1ccccc1CNCCNCc1ccccc1O,6.17
Oc1ccccn1,1.25
Oc1cccnc1,5.1
Oc1cnc2ccccc2c1,4.18
Oc1cncc2ccccc12,4.7
Sc1cccc2ccc(-c3ccccc3)nc12,1.28
Sc1cccc2cccnc12,2.16
[O-][n+]1cccc2cccc(O)c21,1.31
c1c[nH]c(-c2ncc[nH]2)n1,4.53
c1c[nH]cn1,7.16118
c1cc(CCN2CCCC2)ccn1,9.27
c1cc(CCN2CCCCC2)ccn1,9.06
c1cc(CN2CCCC2)ccn1,8.16
c1cc(CN2CCCCC2)ccn1,7.88
c1ccc(-c2c[nH]cn2)nc1,5.4559999999999995
c1ccc(-c2cc3c(-c4ccccc4)ccnc3c3ncccc23)cc1,4.67
c1ccc(-c2cc3cccnc3c3ncccc23)cc1,4.7
c1ccc(-c2ccc3ccc4cccnc4c3n2)cc1,4.88
c1ccc(-c2cccc(-c3ccccn3)n2)nc1,4.66
c1ccc(-c2ccccn2)cc1,4.77
c1ccc(-c2ccccn2)nc1,4.394857142857143
c1ccc(-c2cccs2)nc1,5.585
c1ccc(-c2ccnc3c2ccc2c(-c4ccccc4)ccnc23)cc1,4.82
c1ccc(-c2ccnc3c2ccc2cccnc23)cc1,4.88
c1ccc(-c2ccncc2)cc1,5.35
c1ccc(-c2cnc3c(ccc4cccnc43)c2)cc1,4.8
c1ccc(-c2cncs2)nc1,2.79
c1ccc(-c2cscn2)nc1,4.1025
c1ccc(-c2nc3ccccc3[nH]2)cc1,5.23
c1ccc(-c2nc[nH]c2-c2ccccc2)cc1,5.9
c1ccc(-c2ncc[nH]2)cc1,6.441000000000001
c1ccc(-c2ncc[nH]2)nc1,5.47
c1ccc(-c2nccs2)nc1,2.235
c1ccc(C2CN3CCC2CC3)cc1,10.23
c1ccc(CC2CCCN2)cc1,10.31
c1ccc(CC2NCCN2)cc1,10.58
c1ccc(CCN2CCCC2)nc1,9.39
c1ccc(CCN2CCCCC2)nc1,9.29
c1ccc(CN(CC2=NCCN2)c2ccccc2)cc1,10.096666666666666
c1ccc(CN2CCCC2)nc1,8.56
c1ccc(CN2CCCCC2)nc1,8.51
c1ccc(CNCc2cccc(CNCc3ccccn3)n2)nc1,7.55
c1ccc(CNCc2ccccc2)cc1,8.52
c1ccc(CNCc2ccccn2)nc1,7.285
c1ccc(CNc2ccccc2)cc1,4.04
c1ccc(CSc2nc(SCc3ccccc3)c(-c3ccccc3)[nH]2)cc1,2.7
c1ccc(CSc2nc[nH]c2-c2ccccc2)cc1,5.43
c1ccc(Cc2ccccn2)cc1,5.13
c1ccc(Cc2ccncc2)cc1,5.59
c1ccc(NC2CCCC2)cc1,5.3
c1ccc(NC2CCCCC2)cc1,5.6
c1ccc(NC2CCc3ccccc32)cc1,1.8
c1ccc(NN2CCOCC2)cc1,3.2
c1ccc(Nc2ccccc2)cc1,0.8400000000000001
c1ccc(Oc2ccnc3c2ccc2c(Oc4ccccc4)ccnc23)cc1,5.32
c1ccc2[nH]ccc2c1,-3.1733333333333333
c1ccc2[nH]cnc2c1,5.523
c1ccc2c(CC3NCCN3)cccc2c1,10.35
c1ccc2c(c1)C1CCN2CC1,7.76
c1ccc2c(c1)NCCN2,4.84
c1ccc2cccc-2cc1,-1.65
c1ccc2cnccc2c1,5.4
c1ccc2nc3c(cc2c1)CC3,4.55
c1ccc2nc3c(cc2c1)CCC3,5.45
c1ccc2ncccc2c1,4.8725
c1ccc2nccnc2c1,2.08
c1ccncc1,5.218555555555556
c1cn[nH]c1,2.48
c1cnc2c(c1)ccc1cccnc12,4.898142857142857
c1cncc(CCN2CCCC2)c1,9.28
c1cncc(CCN2CCCCC2)c1,8.81
c1cncc(CN2CCCC2)c1,8.36
c1cncc(CN2CCCCC2)c1,8.3
c1cncc(CNCc2cccnc2)c1,7.15
c1cnccn1,1.1
c1cnoc1,1.3
c1cscn1,2.529333333333333
c1nc[nH]n1,2.3
